Workbook

Sheet 上海移动
A1: 播放地址 | B1: tvg-id | C1: tvg-name | D1: Logo链接 | E1: 频道分类 | F1: 视频分辨率 | G1: 视频码率 | H1: 视频格式 | I1: 视频帧率 | J1: 音频格式 | K1: 音频采样率 | L1: 音频声道
A2: http://iptvrr.sh.chinamobile.com:6060/cms001/ch00000090990000001001/index.m3u8 | B2: CCTV1 | C2: =IF(B2="","",VLOOKUP(B2,[1]电视清单!C:F,2,0)) -> CCTV1 | D2: =IF(B2="","",VLOOKUP(B2,[1]电视清单!C:F,3,0)) -> CCTV1.png | E2: =IF(B2="","",VLOOKUP(B2,[1]电视清单!C:F,4,0)) -> 央视 | F2: 720x576 | G2: 2Mbps | H2: H264 | I2: 25FPS | J2: MP2 | K2: 48000Hz | L2: 立体声
A3: http://iptvrr.sh.chinamobile.com:6060/cms001/ch00000090990000001005/index.m3u8 | B3: 上海都市 | C3: =IF(B3="","",VLOOKUP(B3,[1]电视清单!C:F,2,0)) -> 上海都市 | D3: =IF(B3="","",VLOOKUP(B3,[1]电视清单!C:F,3,0)) -> 上海都市.png | E3: =IF(B3="","",VLOOKUP(B3,[1]电视清单!C:F,4,0)) -> 上海 | F3: 720x576 | G3: 2Mbps | H3: H264 | I3: 25FPS | J3: MP2 | K3: 48000Hz | L3: 立体声
A4: http://iptvrr.sh.chinamobile.com:6060/cms001/ch00000090990000001006/index.m3u8 | B4: 上海新闻综合 | C4: =IF(B4="","",VLOOKUP(B4,[1]电视清单!C:F,2,0)) -> 上海新闻综合 | D4: =IF(B4="","",VLOOKUP(B4,[1]电视清单!C:F,3,0)) -> 上海新闻综合.png | E4: =IF(B4="","",VLOOKUP(B4,[1]电视清单!C:F,4,0)) -> 上海 | F4: 720x576 | G4: 2Mbps | H4: H264 | I4: 25FPS | J4: MP2 | K4: 48000Hz | L4: 立体声
A5: http://iptvrr.sh.chinamobile.com:6060/cms001/ch00000090990000001007/index.m3u8 | B5: 浙江卫视 | C5: =IF(B5="","",VLOOKUP(B5,[1]电视清单!C:F,2,0)) -> 浙江卫视 | D5: =IF(B5="","",VLOOKUP(B5,[1]电视清单!C:F,3,0)) -> 浙江卫视.png | E5: =IF(B5="","",VLOOKUP(B5,[1]电视清单!C:F,4,0)) -> 卫视 | F5: 720x576 | G5: 2Mbps | H5: H264 | I5: 25FPS | J5: MP2 | K5: 48000Hz | L5: 立体声
A6: http://iptvrr.sh.chinamobile.com:6060/cms001/ch00000090990000001008/index.m3u8 | B6: 东方卫视 | C6: =IF(B6="","",VLOOKUP(B6,[1]电视清单!C:F,2,0)) -> 东方卫视 | D6: =IF(B6="","",VLOOKUP(B6,[1]电视清单!C:F,3,0)) -> 东方卫视.png | E6: =IF(B6="","",VLOOKUP(B6,[1]电视清单!C:F,4,0)) -> 卫视 | F6: 720x576 | G6: 2Mbps | H6: H264 | I6: 25FPS | J6: MP2 | K6: 48000Hz | L6: 立体声
A7: http://iptvrr.sh.chinamobile.com:6060/cms001/ch00000090990000001009/index.m3u8 | B7: CCTV10 | C7: =IF(B7="","",VLOOKUP(B7,[1]电视清单!C:F,2,0)) -> CCTV10 | D7: =IF(B7="","",VLOOKUP(B7,[1]电视清单!C:F,3,0)) -> CCTV10.png | E7: =IF(B7="","",VLOOKUP(B7,[1]电视清单!C:F,4,0)) -> 央视 | F7: 720x576 | G7: 2Mbps | H7: H264 | I7: 25FPS | J7: MP2 | K7: 48000Hz | L7: 立体声
A8: http://iptvrr.sh.chinamobile.com:6060/cms001/ch00000090990000001010/index.m3u8 | B8: CCTV7 | C8: =IF(B8="","",VLOOKUP(B8,[1]电视清单!C:F,2,0)) -> CCTV7 | D8: =IF(B8="","",VLOOKUP(B8,[1]电视清单!C:F,3,0)) -> CCTV7.png | E8: =IF(B8="","",VLOOKUP(B8,[1]电视清单!C:F,4,0)) -> 央视 | F8: 720x576 | G8: 2Mbps | H8: H264 | I8: 25FPS | J8: MP2 | K8: 48000Hz | L8: 立体声
A9: http://iptvrr.sh.chinamobile.com:6060/cms001/ch00000090990000001011/index.m3u8 | B9: CCTV4 | C9: =IF(B9="","",VLOOKUP(B9,[1]电视清单!C:F,2,0)) -> CCTV4 | D9: =IF(B9="","",VLOOKUP(B9,[1]电视清单!C:F,3,0)) -> CCTV4.png | E9: =IF(B9="","",VLOOKUP(B9,[1]电视清单!C:F,4,0)) -> 央视 | F9: 720x576 | G9: 2Mbps | H9: H264 | I9: 25FPS | J9: MP2 | K9: 48000Hz | L9: 立体声
A10: http://iptvrr.sh.chinamobile.com:6060/cms001/ch00000090990000001012/index.m3u8 | B10: CCTV2 | C10: =IF(B10="","",VLOOKUP(B10,[1]电视清单!C:F,2,0)) -> CCTV2 | D10: =IF(B10="","",VLOOKUP(B10,[1]电视清单!C:F,3,0)) -> CCTV2.png | E10: =IF(B10="","",VLOOKUP(B10,[1]电视清单!C:F,4,0)) -> 央视 | F10: 720x576 | G10: 2Mbps | H10: H264 | I10: 25FPS | J10: MP2 | K10: 48000Hz | L10: 立体声
A11: http://iptvrr.sh.chinamobile.com:6060/cms001/ch00000090990000001013/index.m3u8 | B11: 东方卫视 | C11: =IF(B11="","",VLOOKUP(B11,[1]电视清单!C:F,2,0)) -> 东方卫视 | D11: =IF(B11="","",VLOOKUP(B11,[1]电视清单!C:F,3,0)) -> 东方卫视.png | E11: =IF(B11="","",VLOOKUP(B11,[1]电视清单!C:F,4,0)) -> 卫视 | F11: 1920x1080 | G11: 8Mbps | H11: H264 | I11: 25FPS | J11: MP2 | K11: 48000Hz | L11: 立体声
A12: http://iptvrr.sh.chinamobile.com:6060/cms001/ch00000090990000001014/index.m3u8 | B12: 上海新闻综合 | C12: =IF(B12="","",VLOOKUP(B12,[1]电视清单!C:F,2,0)) -> 上海新闻综合 | D12: =IF(B12="","",VLOOKUP(B12,[1]电视清单!C:F,3,0)) -> 上海新闻综合.png | E12: =IF(B12="","",VLOOKUP(B12,[1]电视清单!C:F,4,0)) -> 上海 | F12: 1920x1080 | G12: 8Mbps | H12: H264 | I12: 25FPS | J12: MP2 | K12: 48000Hz | L12: 立体声
A13: http://iptvrr.sh.chinamobile.com:6060/cms001/ch00000090990000001015/index.m3u8 | B13: 上海都市 | C13: =IF(B13="","",VLOOKUP(B13,[1]电视清单!C:F,2,0)) -> 上海都市 | D13: =IF(B13="","",VLOOKUP(B13,[1]电视清单!C:F,3,0)) -> 上海都市.png | E13: =IF(B13="","",VLOOKUP(B13,[1]电视清单!C:F,4,0)) -> 上海 | F13: 1920x1080 | G13: 8Mbps | H13: H264 | I13: 25FPS | J13: MP2 | K13: 48000Hz | L13: 立体声
... A171: http://iptvrr.sh.chinamobile.com:6060/cms001/ch00000090990000001560/index.m3u8 | B171: 深圳卫视4K | C171: =IF(B171="","",VLOOKUP(B171,[1]电视清单!C:F,2,0)) -> #N/A | D171: =IF(B171="","",VLOOKUP(B171,[1]电视清单!C:F,3,0)) -> #N/A | E171: =IF(B171="","",VLOOKUP(B171,[1]电视清单!C:F,4,0)) -> #N/A | F171: 3840x2160 | G171: 20Mbps | H171: HEVC | I171: 25FPS | J171: AC3 | K171: 48000Hz | L171: 立体声
